{
    "Scores": [
        4,
        4,
        3
    ],
    "Times": [
        19.81391143798828,
        18.32808494567871,
        15.433199882507325
    ]
}